{"train_loss": [1.1965538358688355, 0.8583431220054627, 0.7489667255878448, 0.6553507528305054, 0.5613686180114746, 0.5095651788711548, 0.474268394112587, 0.4180085108280182, 0.39065243291854856, 0.396701327085495, 0.34698040068149566, 0.3313329275846481, 0.30381163489818575, 0.2908240826129913, 0.26788899463415144, 0.27074900424480436, 0.248962770819664, 0.2326993167102337, 0.22413094955682755, 0.21765087455511092, 0.19482783311605453, 0.18836758729815484, 0.18077360513806343, 0.19067907080054283, 0.17350149539113044, 0.16397598543763162, 0.15209690883755683, 0.14609310488402844, 0.14442440678179264, 0.13427911187708377, 0.1297115803807974, 0.12824629253149034, 0.11773791585862636, 0.10984484992921352, 0.10276388536393642, 0.09334197507798672, 0.09663385337591171, 0.08879388669133187, 0.09021683569997549, 0.08766876453906297, 0.0847603467553854, 0.0739258717149496, 0.07419800126180053, 0.07266731521859765, 0.07076998438686133, 0.062379704114049674, 0.059641255270689725, 0.06426657634973526, 0.06054643267393112, 0.06385660598054528], "val_loss": [0.9696190948486328, 0.7867625293731689, 0.7774060835838318, 0.7801633777618409, 0.48928155088424685, 0.41404706287384035, 0.46634868216514586, 0.4075286684036255, 0.3072551031112671, 0.282095263004303, 0.2862658097743988, 0.3840917699337006, 0.27133738017082215, 0.36651670742034914, 0.21100645577907562, 0.23005295205116272, 0.1981629215478897, 0.2116810029745102, 0.22053929114341736, 0.18573316061496734, 0.17597290563583373, 0.16448702138662338, 0.19208225965499878, 0.17426684951782226, 0.16725348234176635, 0.17449098932743073, 0.16450283670425414, 0.16583477520942688, 0.17550987637043, 0.17375617921352388, 0.11218858897686004, 0.1454011841416359, 0.1054776200056076, 0.09707690495252609, 0.09046936640143395, 0.09053921446204186, 0.09759615617990494, 0.1117220841050148, 0.09386121022701263, 0.09262141805887222, 0.0839867550432682, 0.08962616431713104, 0.08622813773155212, 0.07692677968740463, 0.08127308946847915, 0.07908560717105866, 0.07988230681419373, 0.07738187855482101, 0.08079884719848633, 0.08242779725790024], "train_acc": [0.57125, 0.699875, 0.739625, 0.7735, 0.80725, 0.82675, 0.837, 0.86125, 0.866375, 0.864875, 0.882875, 0.889875, 0.8975, 0.9025, 0.91125, 0.909875, 0.9165, 0.923375, 0.924125, 0.926625, 0.9335, 0.936875, 0.938875, 0.935625, 0.941875, 0.942375, 0.947625, 0.948375, 0.952, 0.954625, 0.956, 0.95425, 0.9585, 0.964, 0.964375, 0.9675, 0.96625, 0.969625, 0.97, 0.969, 0.969125, 0.97275, 0.974125, 0.975875, 0.9755, 0.97925, 0.979625, 0.97775, 0.98, 0.9785], "val_acc": [0.672, 0.7345, 0.721, 0.7445, 0.8375, 0.8535, 0.839, 0.8615, 0.8955, 0.905, 0.9025, 0.871, 0.906, 0.8805, 0.9305, 0.917, 0.932, 0.9295, 0.928, 0.938, 0.9365, 0.948, 0.936, 0.9435, 0.9415, 0.936, 0.936, 0.939, 0.939, 0.9445, 0.963, 0.947, 0.9665, 0.9665, 0.9695, 0.969, 0.969, 0.9635, 0.9735, 0.97, 0.9735, 0.966, 0.9685, 0.9695, 0.972, 0.9715, 0.97, 0.9725, 0.9715, 0.9715]}