{
  "accuracy": 0.9735,
  "macro_f1": 0.9735020984656446,
  "weighted_f1": 0.9735020984656445,
  "cohen_kappa": 0.9705555555555555,
  "per_class": {
    "AnnualCrop": {
      "precision": 0.9696969696969697,
      "recall": 0.96,
      "f1": 0.964824120603015,
      "support": 200.0
    },
    "Forest": {
      "precision": 0.9900497512437811,
      "recall": 0.995,
      "f1": 0.9925187032418953,
      "support": 200.0
    },
    "HerbaceousVegetation": {
      "precision": 0.9502487562189055,
      "recall": 0.955,
      "f1": 0.9526184538653366,
      "support": 200.0
    },
    "Highway": {
      "precision": 0.9800995024875622,
      "recall": 0.985,
      "f1": 0.9825436408977556,
      "support": 200.0
    },
    "Industrial": {
      "precision": 0.9523809523809523,
      "recall": 1.0,
      "f1": 0.975609756097561,
      "support": 200.0
    },
    "Pasture": {
      "precision": 0.9696969696969697,
      "recall": 0.96,
      "f1": 0.964824120603015,
      "support": 200.0
    },
    "PermanentCrop": {
      "precision": 0.9603960396039604,
      "recall": 0.97,
      "f1": 0.9651741293532339,
      "support": 200.0
    },
    "Residential": {
      "precision": 0.9896373056994818,
      "recall": 0.955,
      "f1": 0.9720101781170484,
      "support": 200.0
    },
    "River": {
      "precision": 0.9751243781094527,
      "recall": 0.98,
      "f1": 0.9775561097256857,
      "support": 200.0
    },
    "SeaLake": {
      "precision": 1.0,
      "recall": 0.975,
      "f1": 0.9873417721518988,
      "support": 200.0
    }
  }
}